Rule ID,Rule name,Quality dimension,Business rule,Business impact,Required data elements,Severity
DQ-01,Missing accountable owner,Completeness,Every active record must have an assigned accountable owner,Unowned records can't be serviced or reconciled,"Record ID, Owner, Status",Medium
DQ-02,Missing contact information,Completeness,Active customer records must have at least one valid contact method,Prevents outreach and servicing,"Customer ID, Email, Phone",Low
DQ-03,Missing counterparty,Completeness,Active contracts must reference a valid counterparty,Breaks billing and reconciliation,"Contract ID, Counterparty, Status",Medium
DQ-04,Start date after end date,Validity,A record's start date cannot be later than its end date,Indicates invalid records,"Record ID, Start date, End date",High
DQ-05,Invalid identifier format,Validity,Identifiers must match the organization's defined format,Breaks joins and lookups,"Record ID, Identifier",Medium
DQ-06,Unexpected negative amount,Validity,Amounts must not be negative unless tied to an approved reversal,Signals posting or integration errors,"Record ID, Amount, Transaction type",High
DQ-07,Test data with financial activity,Validity,Test or demo records must not carry real financial values,Distorts revenue and reporting,"Record ID, Record type, Amount",Medium
DQ-08,Orphan child record,Referential integrity,Every child record must have a valid parent record,Signals pipeline or integration failures,"Child ID, Parent ID",High
DQ-09,Invalid reference value,Referential integrity,Coded values must exist in the corresponding reference table,Causes reporting and integration failures,"Code, Reference table value",Medium
DQ-10,Multiple primary assignments,Consistency,A record expected to have one organizational assignment must not have several,Double counting and unclear accountability,"Record ID, Assignment",High
DQ-11,Status conflicts with dates,Consistency,Active records must not have end dates in the past,Lifecycle and reporting errors,"Record ID, Status, End date",Medium
DQ-12,Conflicting billing attributes,Consistency,Records must not carry attributes from mutually exclusive billing methods,Incorrect billing workflows,"Record ID, Billing method, Billing attributes",Medium
DQ-13,Duplicate active record,Uniqueness,Active records must not be duplicated on their business key,Double payments and inflated reporting,"Business key fields, Status",High
DQ-14,Processing not completed within SLA,Timeliness,Required downstream processing must occur within the defined SLA,Revenue leakage and operational delays,"Record ID, Created date, Processed date",Medium
DQ-15,Missing required value after SLA,Timeliness,Required financial values must be populated within the defined number of days,Incomplete revenue capture,"Record ID, Created date, Required value",Medium
DQ-16,Value outside expected range,Accuracy,Values must fall within an approved range or threshold,Signals data entry or calculation errors,"Record ID, Value, Threshold",Medium
DQ-17,Estimate versus actual variance,Accuracy,Variance between estimated and actual values must stay within an approved tolerance,Detects calculation or posting issues,"Record ID, Estimated value, Actual value",High
DQ-18,Trend anomaly,Accuracy / Monitoring,Aggregated values should stay within historical expectations,Detects systemic data or processing issues,"Date, Measure",Medium
DQ-19,Classification code missing or inaccurate,Completeness / Accuracy,Industry or product classification codes must be present and consistent with a trusted reference,Weakens segmentation and risk analysis,"Record ID, Classification code, Reference",Medium
DQ-20,Required product-specific fields,Completeness,Product-specific required fields must be populated as new products are onboarded,Gaps in new product data,"Record ID, Product type, Required fields",High
