Area,Criterion,Evidence required,Required for Certified,Required for AI-Ready
Business,Business definition approved in plain language,Approved definition in catalog or glossary,Yes,Yes
Business,Accountable business owner assigned,Named owner recorded,Yes,Yes
Business,Intended use documented,Use statement recorded,Yes,Yes
Business,Calculation understood and approved by owner,Owner sign-off,Yes,Yes
Data,Authoritative source identified,Source asset recorded,Yes,Yes
Data,Lineage available from source to metric,Lineage visible in catalog,Yes,Yes
Data,Data quality requirements defined and met,Current quality results above threshold,Yes,Yes
Data,Known limitations documented,Limitations note,Yes,Yes
Semantic,Entity mappings and relationships validated,Steward review,Yes,Yes
Semantic,Terminology standardized across tools,Single glossary term,Yes,Yes
Semantic,Conflicting definitions resolved or retired,Resolution log,Yes,Yes
Governance,Required metadata complete,Metadata completeness check,Yes,Yes
Governance,Certification status recorded,Status field in catalog,Yes,Yes
Governance,Change and recertification process in place,Documented process,Yes,Yes
AI readiness,Meaning explicit and unambiguous for machine use,Description tested with sample AI questions,No,Yes
AI readiness,Sensitive data rules respected,No high-risk PII exposed without approved exception,No,Yes
AI readiness,Consistent with access controls,Access policy review,No,Yes
AI readiness,Limitations communicated to AI users,Guidance published,No,Yes
AI readiness,Monitoring for misuse or misinterpretation defined,Monitoring plan,No,Yes
